locus_tag	evidence	srna_class	start_position	end_position	genome	orientation		evidence_functional	functional_rna	sequence
scef221.1	predicted - BSRD(scef221.1)		220053	220149	Corynebacterium efficiens YS-314	forward		RNAdetect+RNAz	true	GGCAGGATCCCGTGCGGCGTTTATCTTGTGAACTCCCCCAGGGCAGGAATGCAGCAAGGGTCAGCGAGCTCTGACGGGTGCGCGGGATCCCCTTAAA
scef2209.1	predicted - BSRD(scef2209.1)		2208936	2209154	Corynebacterium efficiens YS-314	reverse		RNAz	true	CAATAGAAAATGTCTAATCGCGAATCCGTGAACTGAACAAGATCCCTCCCGGGGATCGGATGCAGAACACGATGCGAGCCGGGGAACCACAGTGTTCCTGGGGTGAATTCTCCATGAGGGTCCGATCAGTAGTCAACCGCGCTGATCCGGATGGAATGGGGATAGGGGCCTTCCGCTCCGAATCCGACAGCTAACCCGGCAGACCAACAGGAAGATTTG
scef2043.1	predicted - BSRD(scef2043.1)		2042066	2042180	Corynebacterium efficiens YS-314	forward		RNAdetect	true	CCCAACCCCCACGGGCGCCCGGGGCACCGGGCTGAGATTGCGCTGCCTTGCCGCGCAAGGACCGTATGAACCTGTCTGGTTAGCACCAGCGAAGGAAGAGAGGCCTACAAGGACA
scef1963.1	predicted - BSRD(scef1963.1)		1962442	1962587	Corynebacterium efficiens YS-314	reverse		RNAz	true	TTTCGTAATGGAGGGGAGTACCCCGTTCACGGCATTGATCGTCAACACGGCAATCAACATCTGGTTCACCTGTAGTGGCCGGATGGATGATTCCCGGTCATGTCGGCCCACCGGAAACGCGGGTGGGGGAGACCTCCGGTTCTTAA
scef1673.1	predicted - BSRD(scef1673.1)		1672795	1672895	Corynebacterium efficiens YS-314	reverse		RNAdetect	true	GAACCAGGCACGGGGTGCCTGTCCACCGTGGACAGGCTGAGAACACACCCGTTGAACCTGCTCTAGCTCGTACTAGCGAAGGGATGGCCGTTGCATGGCTG
scef1536.1	predicted - BSRD(scef1536.1)		1535484	1535612	Corynebacterium efficiens YS-314	forward		RNAdetect+RNAz	true	AGCTTTTTTCGCGGCGGAGCTCGACCGCCCACACAAATAATCGTCAAATTCATTGACACCTACCGTGCTCAATTCGGGGTCGAGCCAATCGTGCGGGCGTTACGCAATACGTCTGCGAAAATTGCCCTG
scef1475.2	predicted - BSRD(scef1475.2)		1474355	1474472	Corynebacterium efficiens YS-314	forward		RNAdetect+RNAz	true	GATCAAGAAGTTCAGCCTCTAAGCCCTTCGGCAGGCTGACTGGCAACCGCGCAACGCACACGGTGCCCCCGAAGGAAGATCCGCTCTGTACTCAAAAGACTGCAGAGAAGAGCGATTA
scef1475.1	predicted - BSRD(scef1475.1)		1474110	1474220	Corynebacterium efficiens YS-314	reverse		RNAdetect+RNAz	true	GGCAGTCCCCACGGGCGCCCGAGCACGGGCTGAGATCGCGCTGATTGCTGCGCGAGCACCGTTCGAACCTGTCCGGTTAGTACCGGCGAAGGAAGAGAGGAATGGTGCAAT
scef1191.1	predicted - BSRD(scef1191.1)		1190813	1190922	Corynebacterium efficiens YS-314	forward		RNAdetect+RNAz	true	TCGATATTGCACGGGTGTCCGGTGAAAGTCCGGGCTGAGAGGTGGCACAGCCACAACCGTTGAACCTGATCCGGGTAATGCCGGCGATAGGGAGGAAACATGACTGATAC
scef1290.1	predicted - BSRD(scef1290.1)		1289911	1290039	Corynebacterium efficiens YS-314	reverse		RNAdetect+RNAz	true	AGCTTTTTTCGCGGCGGAGCTCGACCGCCCACACAAATAATCGTCAAATTCATTGACACCTACCGTGCTCAATTCGGGGTCGAGCCAATCGTGCGGGCGTTACGCAATACGTCTGCGAAAATTGCCCTG
scef87.1	predicted - BSRD(scef87.1)		86391	86557	Corynebacterium efficiens YS-314	reverse		RNAdetect+RNAz	true	GGGTGTTCTCAGGGCGGGGTGTAATTCCCCACCGGCGGTGAGAGTGTCCTCCAGATGGGGAGGCTCAAGCCCGCGAGCGCCACCGTATTCCGCTTATGGAGGGTGGGTCAGCAGATCCGGTGTGATTCCGGAGCCGACGGTCATAGTCCGGATGGAAGAGAACCGTG
scef944.1	predicted - BSRD(scef944.1)		943971	944145	Corynebacterium efficiens YS-314	reverse		RNAdetect+RNAz	true	AAACCACACACGCTTCTACCTTGTAGAAGACTTGCAGACAGGGACGGGGAACCCACCTGCCCACCGCGGGCACCGGAGGTAACTCCTTGGGGTGAAGCCGAAGTTCTCCTTCGGCAGGGCACATCCTCCGCCCTAACCCGACAGCTAACCTCGACGGCGACAGATGAGAGGACAT
scef323.1	predicted - BSRD(scef323.1)		322081	322156	Corynebacterium efficiens YS-314	forward		RNAdetect+RNAz	true	TGCCCCGGCCACACCCCCCCGAGGTCGGGTTACCGACGGCCCGCGCACACCCCCCCCGAGGCGCGGGCCGTCCCCA
scef287.1	predicted - BSRD(scef287.1)		286495	286623	Corynebacterium efficiens YS-314	reverse		RNAdetect+RNAz	true	GGCTTTCTTCGCGGCGGAGTGTGAGCGCCCACAGAAGTAACCGTCAAGTTCATTGACGACAACCGGCAGGAGTTCGGGGTCGAGCCGATTATTCGTGTCCTGGCCACCACCAGCGCGAAGATTGCCCTG
scef2787.1	predicted - BSRD(scef2787.1)		2786987	2787121	Corynebacterium efficiens YS-314	forward		RNAdetect+RNAz	true	CTCGATTTTCTTCGCGGGGGAGCTCGACCCCCGCAACCGCTGATCTGCGCGTTCATCGATGAGATGCGCGTCGAGGGCTATGCAGTCGAGTCGATCCTCCGCGTCCTGCGTCAGCAGGGCCTTCGGATCGCTGCA
Ce-YS314-sRNA-2	predicted - GLASSgo (cgb_02473)		191145	191180	Corynebacterium efficiens YS-314	reverse		RNAz	true	CATGGAGAGGTATTCGCCGAGTTCGGTGAAGTCGGC
Ce-YS314-sRNA-8	predicted - cmsearch		447939	448056	Corynebacterium efficiens YS-314	reverse		RNAz+RNAdetect	true	GAGAGATGCCCTCCTGGATGGGGAATACAGACCTTCGACAAGTCGTATTATCCCAGTTCAGAAGGGCGTTTCTCTTTTTCCCACGCCGCTACCCCTAAATCACATCGGTGTATCCAG
Ce-YS314-sRNA-6	predicted - cmsearch		377956	378073	Corynebacterium efficiens YS-314	forward		RNAz+RNAdetect	true	GAGAGATGCCCTCCTGGATGGGGAATACAGACCTTCGACAAGTCGTATTATCCCAGTTCAGAAGGGCGTTTCTCTTTTTCCCACGCCGCTACCCCTAAATCACATCGGTGTATCCAG
Ce-YS314-sRNA-4	predicted - cmsearch		117419	117536	Corynebacterium efficiens YS-314	forward		RNAz+RNAdetect	true	GAGAGATGCCCTCCTGGATGGGGAATACAGACCTTCGACAAGTCGTATTATCCCAGTTCAGAAGGGCGTTTCTCTTTTTCCCACGCCGCTACCCCTAAATCACATCGGTGTATCCAG
Ce-YS314-sRNA-5	predicted - cmsearch		273091	273208	Corynebacterium efficiens YS-314	forward		RNAz+RNAdetect	true	GAGAGATGCCCTCCTGGATGGGGAATACAGACCTTCGACAAGTCGTATTATCCCAGTTCAGAAGGGCGTTTCTCTTTTTCCCACGCCGCTACCCCTAAATCACATCGGTGTATCCAG
Ce-YS314-sRNA-9	predicted - cmsearch		403646	403763	Corynebacterium efficiens YS-314	reverse		RNAz+RNAdetect	true	GTGAGGTGCCTTTCTGGGCGGTGGAATTGAACTCTAGACAAGCTCTATTCTTCCTGCCCAGGAGGGCATTTCCTATTTTCCCACGCCGTTACACCTGAATCACATCGGTGAATCCAG
Ce-YS314-sRNA-3	predicted - GLASSgo (cgb_30113)		2729975	2730032	Corynebacterium efficiens YS-314	reverse		RNAz+RNAdetect	true	CGACACTCACGTCTACTACCCGGCAGGCGCCCGCGACGGCACGGTTAGTGAGTGTGGA
Ce-YS314-sRNA-14	predicted - GLASSgo (cgb_09516)		958352	958470	Corynebacterium efficiens YS-314	reverse		RNAz+RNAdetect	true	GGGAAAAGTTTCATTAATCGCTATCGCATTGCAATGTGAGTTAGGTAACTTCACATTCACACGTTTAGCTGTGACCGACAACATATTTTCCGGTCGTCGGCGAAATGTAGTGAGACATT
Ce-YS314-sRNA-12	predicted - GLASSgo (cgb_18195)		1828289	1828324	Corynebacterium efficiens YS-314	reverse		RNAz 	true	TTCCGCCGACTTGGAGAAGCCCCTGTGAGTCTGACC
Ce-YS314-sRNA-17	predicted - GLASSgo (cgb_03605)		322056	322160	Corynebacterium efficiens YS-314	reverse		RNAz+RNAdetect	true	CAAGGCCCCGATATACTGTGCGGCCTGCCCCGGCCACACCCCCCCGAGGTCGGGTTACCGACGGCCCGCGCACACCCCCCCCGAGGCGCGGGCCGTCCCCATTTC
Ce-YS314-sRNA-11	predicted - GLASSgo (cgb_15626)		1577511	1577693	Corynebacterium efficiens YS-314	reverse		RNAz+RNAdetect	true	CTACCGCCTGGTACGTATTTATACGGATCAGGCCGCAAGAGGAGATCTTCCCACCTAAGGCCGCCGAGCAATCGGTTGGATACAGGTAAAGCAAGTAGTGCTGACACGGACTAGTGCCCGTGTACAACTCTTGATAAGTCAGATCTCCCGTTCATTCCAGTGGATGAACGGGTTTTTGGTCTG
Ce-YS314-sRNA-10	predicted - GLASSgo (cgb_25955)		2415930	2415963	Corynebacterium efficiens YS-314	reverse		RNAz	true	AATGGGCATTACGGTCATAGCCTAAAACAGCGAC
Ce-YS314-sRNA-18	predicted - GLASSgo (cgb_13676)		1380340	1380373	Corynebacterium efficiens YS-314	reverse		RNAz	true	CTTCGACCAGGTTCACGTGGTCTACACCGAATTC
Ce-YS314-sRNA-13	predicted - GLASSgo (cgb_09185)		872673	873082	Corynebacterium efficiens YS-314	reverse		RNAz+RNAdetect	true	TGCGGGACTCGCACGAGCCCACCGCAGGCAACCAACGGGGCTGACATGGTTTCGACTACGTTGATTGAGCCAGGGGAAGCGTGCCGGTGAAGGCTGGAGACCACCGTGAGCGTCGCAGCAAACCAATAAGCGCCGAGAAGACTCAGCGCGACTACGCCCTCGCTGCCTAAGTAGCGACCGCGTGTCTGTCAGCCCGGGGATGTCCCTGCCCCGGATGCTGGCATCGACTAAGGGACTTGCTATCCAACCGCGTCAGCGGGGTTGGATGGGACTTCTACCGCTGACTGGGCCCATCATCCGGATGTGTTCGTCCTAGCCGGAGGGCCAAGCAGAGATCGCTGCACGAACTGCGCACGGAGAAGCCCTGGCAAAGTAGCGTAGGACCCGGGTTCAATTCCCGGCAGCTCCAC
Ce-YS314-sRNA-16	predicted - GLASSgo (cgb_05973)		563996	564098	Corynebacterium efficiens YS-314	reverse		RNAz+RNAdetect	true	CCCACGCGACATCATCCTCGCACCGGTCGTTTCTGAAAAGTCTTACGGCCTCATGGAGCAGAACGTCTACACGTTCTTCGTTGCCCGTGACGCCAACAAGACC
Ce-YS314-sRNA-15	predicted - GLASSgo (cgb_14715)		1469176	1469209	Corynebacterium efficiens YS-314	reverse		RNAz	true	GCCACTCAGTGAAATTCACTGAGTGGCTTCTTTA
Ce-YS314-sRNA-21	predicted - GLASSgo (cgb_02933)	null	220057	220165	Corynebacterium efficiens YS-314	forward		RNAdetect	true	GGATCCCGTGCGGCGTTTATCTTGTGAACTCCCCCAGGGCAGGAATGCAGCAAGGGTCAGCGAGCTCTGACGGGTGCGCGGGATCCCCTTAAACGTCTAGAGTGGTGGC
Ce-YS314-sRNA-22	predicted - GLASSgo (cgb_06315)	null	586884	586962	Corynebacterium efficiens YS-314	forward		RNAdetect	true	CGGTGTCATCGCCGGTGGCGCAGCCCGTCCAGTTCTTGAGTGCGCTGGTATCCAGGACATCCTGTCCAAGTCCCTGGGA
Ce-YS314-sRNA-20	predicted - GLASSgo (cgb_28035)	null	403688	403763	Corynebacterium efficiens YS-314	forward		RNAdetect	true	ATAGGAAATGCCCTCCTGGGCAGGAAGAATAGAGCTTGTCTAGAGTTCAATTCCACCGCCCAGAAAGGCACCTCAC
Ce-YS314-sRNA-23	predicted - GLASSgo (cgb_05875)	null	557655	557753	Corynebacterium efficiens YS-314	forward		RNAdetect	true	CACACCGAGTTCGAGGGCTCTGTCTACGTCCTGTCCAAGGATGAGGGTGGCCGCCACACCCCGTTCTTCGACAACTACCGTCCGCAGTTCTACTTCCGC
Ce-YS314-sRNA-19	predicted - GLASSgo (cgb_30215)	null	2732907	2732958	Corynebacterium efficiens YS-314	forward		RNAdetect	true	TGACAACAATCTTTGACCTTAAGCGAGTAGCCGAGGCTACGTACCCTGCTGC
Ce-YS314-sRNA-24	predicted - GLASSgo (cgb_18377)	null	1842611	1842758	Corynebacterium efficiens YS-314	forward		RNAdetect	true	TGCCCGCGTTGACGAAGAGCAGGTTCGGGTCATCCAGAATCAGCGACGCGCTGGGAACTGCCGTGTGACCGGCATTAACGAAGTGATTGGTGAAGCGTTCCCTGATCTCATGGGTCTGCACAGCGGTATCCTGCCTTAGTACTTCTCG
Ce-YS314-sRNA-25	predicted - GLASSgo (cgb_05805)	null	552812	552963	Corynebacterium efficiens YS-314	forward		RNAdetect	true	AGTCCCACTCTTGTAGTTGGGAATTGACGGCACCTCGCACTCAAGCGCGGTATCGCCCCTGGTTATCCGGGACGCGGTGGCGCATGTTTGCATTTGAGTAGGTTGTTCGTGACATGTTTGGACGGGCCCCAAAAAGAGCCCCCTTTTTTGCG
Ce-YS314-sRNA-26	predicted - GLASSgo (cgb_02936)	null	220095	220145	Corynebacterium efficiens YS-314	forward		RNAdetect
	true	GCAGGAATGCAGCAAGGGTCAGCGAGCTCTGACGGGTGCGCGGGATCCCCT
scef2186.1	predicted - BSRD(scef2186.1)		2185181	2185285	Corynebacterium efficiens YS-314	reverse		RNAdetect+RNAz	true	GCATGGAGCGCGTGTAAGGACTCTGCTCGAGGAGTCAGCTCTGGTGTACTTCCCCGACATCAGATCGACACCTCGAGTGGGGCCCTGTACGCACTCCGTGATTGA
scef873.1	predicted - BSRD(scef873.1)		872709	873084	Corynebacterium efficiens YS-314	forward		RNAdetect+RNAz	true	GGGGCTGACATGGTTTCGACTACGTTGATTGAGCCAGGGGAAGCGTGCCGGTGAAGGCTGGAGACCACCGTGAGCGTCGCAGCAAACCAATAAGCGCCGAGAAGACTCAGCGCGACTACGCCCTCGCTGCCTAAGTAGCGACCGCGTGTCTGTCAGCCCGGGGATGTCCCTGCCCCGGATGCTGGCATCGACTAAGGGACTTGCTATCCAACCGCGTCAGCGGGGTTGGATGGGACTTCTACCGCTGACTGGGCCCATCATCCGGATGTGTTCGTCCTAGCCGGAGGGCCAAGCAGAGATCGCTGCACGAACTGCGCACGGAGAAGCCCTGGCAAAGTAGCGTAGGACCCGGGTTCAATTCCCGGCAGCTCCACGA
Ce-YS314-sRNA-27	predicted - GLASSgo (cgb_15313)	null	1526544	1526603	Corynebacterium efficiens YS-314	forward		RNAdetect	true	GCGACGAGGTCACCGTTGAGGTTCTCGACGTCGATCTCGACCGCGAGCGTGTCTCCCTGT
scef2267.1	predicted - BSRD(scef2267.1)		2266802	2267229	Corynebacterium efficiens YS-314	reverse		RNAdetect+RNAz	true	TGAGTCGGTCAAGGTGATCGCGTCTGATGAACCAAGGTGACTGGATCACCCAGGCATCAGCCGAGGAAAGTCTGGACTCCACAGAGCACGGTGGTTGTTAACGGCAACCCGGAGTGATCCGCGGGAAAGTGCAACAGAAAGTAGACCGCCACCGGTTTTGGCCGGTGGTAAGGGTGAAAGGGTGCGGTAAGAGCGCACCGGCAGGCCAGGTGACTGGTCTGGCCAGGTAAACCCCACCGGGAGCAAGGCATGAGGACGCACTCCAATGGGTGTGTCTGTGCAGGCGTTTTAAAGGCTGCTCGCCGAGTCTGCAGGTAGCTGCTGGAGGCAGTCAGCAATGGCTGTCCGAGATGGATGTTCACCGCCCGCGGGTAGGGTTTCGGCCCGGCCCGCGGGAACAGAATCCGGCTTATGCACCGGCTCATTCG
Ce-YS314-sRNA-28	predicted - GLASSgo (cgb_27803)		2571991	2573854	Corynebacterium efficiens YS-314	reverse		RNAz+RNAdetect	true	ATCTAGCCCTTAGCGTACTTCAGCTGGAGTAGGCGACTGGGTGGTTTCTGCACGCAGATCGTGCTCACCGACGTGAGCCTCACGGCGCATGCGCTCGATCATGTGCGGGTAGTGCAGCTCGAACGCAGGGCGCTCGGAGCGGATGCGGGGCAGGGAGGTGAAGTTGTGGCGAGGAGGAGGGCAGGAGGTAGCCCACTCCAGGGAGTTGCCGTAACCCCATGGGTCATCGACGGTCACAAGCTCACCGTAGCGCCAGGACTTGAACACGTTCCACACGAATGGGATGACGGAGAGTCCGAGCAGGAAGGAGAAGATCGTGGAGATCTGGTTGAGGGTGGTGAAACCATCGGAGTCCAGGTAGTCGGCGTAACGACGTGGCATACCCATGTTGCCCAGCCAGTGCTGGACCATGAAGGTGCCGTGGAAACCGACGAAGGTCAGCCAGAAGTGGATCTTGCCCAGACGCTCGTCCATCATGCGGCCGGTCATCTTCGGGAACCAGAAGTAGACGCCTGCACAGGATGCGAACACCACGGTACCGAAGAGGGTGTAGTGGAAGTGCGCGATCAGGAAGTAGGAGTCGGACAGGTGGAAGTCCAGCGGCGGGGAGGCCAGCATGATGCCGGTCAGACCACCGAAGAGGAAGGTGGACATGAAGCCCACAGCCCAGATCATCGGGGTCTCCCAGGTGATGTGACCCTTCCACATGGTTCCCACCCAGTTGAAGAACTTGACACCGGTCGGAACCGAGATCAGGAACGTCATGAAGGAGAAGAACGGCAGCAGAACCGCACCGGTGACGAACATGTGGTGAGCCCACACAGCCATGGACAGTGCACCGATGGACAGGGTTGCGAACACCAGGCCGATGTAACCGAACATCGGCTTGCGGGAGAACACAGGGATGATCTCGGAGATGATGCCGAAGAACGGCAGTGCCAGGACGTACACCTCAGGGTGGCCGAAGAACCAGAACAGGTGCTGCCAGAGGATGGAGCCACCATTGGCCGGATCGTAGATGTGTCCACCGAGCTTACGGTCGTACAGAACACCCAGGGCTGCAGCGAGCAGCAGCGGGAAGATCAGCAGAGCGAGAACAGAGGTGACGAAGATGTTCCAGGTGAAGACCGGCATACGGAACATGGTCATTCCCGGTGCACGGAGGCACAGGATGGTGGTGAGCATGTTGATGGCGGATGCCACCGAACCGATACCGGTTGCGCCGACACCGATGATCCACATGTCGGAGCCGATGCCCGGTGAGTGGATGGAGTCAGACAGTGGGGAGTACATGGTCCAACCGAAGTCAGCAGCACCACCCGGGGTCAGGAAGCCGGCCAGCATCGCGACACCACCGACGGTGGTGATCCAGAAGCCGAAGGCGTTCAGTCGAGGGAAGGCAACGTCAGGCGCACCGATCTGGAGCGGCAGGACGTAGTTGGCGAAGCCCCAAACGATCGGGGTGCCGTAGAGCAGCAGCATAACGGTTCCGTGCATGGTGAACAGCTGGTTGAACTGCTCATTCGACAGGAACTGAAGACCCGGGGTGAAAAGCTCAGCTCGGATGAGCAGAGCCATCAGGCCACCGAGGAAGAAGAAGCTGAAGGACATGATGATATACATGATGCCCAGCTGCTTGTGGTCGGTGGTGGTCATCATTAACCATGCTTTGCTGCCCTTGCGTGCATGGCCTGTCGGCTCGGGCCTCTGCGGGGCGACGTGTCCGTCGACCCTGGGCGCCACAGCGGTCATAGGTTCCTCCTGACTACGGGACGATCCATTCGGATTACCGATCGTCCTTTAACAACACTGCCTTATCTTAGGTGACAGGCAGGATCCGAAGCCAGCCCAAAAAGGCCGGTAT
