TF_locusTag,TF_altLocusTag,TF_name,TF_role,TG_locusTag,TG_altLocusTag,TG_name,Operon,Binding_site,Role,Is_sigma_factor,Evidence,PMID,Source
CSING_RS00005,,CSING_RS00005,Dual,CSING_RS00005,,CSING_RS00005,,TTATCCACA,R,no,b3702 -> b3702,,CoryneRegNet7
CSING_RS00005,,CSING_RS00005,Dual,CSING_RS00015,CSING_00015,CSING_RS00015,OP_CSING_RS00010,,R,no,b3702 -> b3701,,CoryneRegNet7
CSING_RS00005,,CSING_RS00005,Dual,CSING_RS00020,CSING_00020,CSING_RS00020,OP_CSING_RS00010,,R,no,b3702 -> b3701,,CoryneRegNet7
CSING_RS00005,,CSING_RS00005,Dual,CSING_RS00005,,CSING_RS00005,,TTATCCACA,D,no,b3702 -> b3702,,CoryneRegNet7
CSING_RS00005,,CSING_RS00005,Dual,CSING_RS00005,,CSING_RS00005,,CTTTCCACACCTGTGGATAACTTTGTGG,Repressor,no,BSU_00010 -> BSU_00010,2168872,CoryneRegNet7
CSING_RS00005,,CSING_RS00005,Dual,CSING_RS00010,CSING_00010,CSING_RS00010,OP_CSING_RS00010,TTGTCCACA,D,no,b3702 -> b3701,,CoryneRegNet7
CSING_RS00005,,CSING_RS00005,Dual,CSING_RS00015,CSING_00015,CSING_RS00015,OP_CSING_RS00010,,D,no,b3702 -> b3701,,CoryneRegNet7
CSING_RS00005,,CSING_RS00005,Dual,CSING_RS00020,CSING_00020,CSING_RS00020,OP_CSING_RS00010,,D,no,b3702 -> b3701,,CoryneRegNet7
CSING_RS00005,,CSING_RS00005,Dual,CSING_RS00010,CSING_00010,CSING_RS00010,OP_CSING_RS00010,TTGTCCACA,R,no,b3702 -> b3701,,CoryneRegNet7
CSING_RS01050,CSING_01095,CSING_RS01050,Dual,CSING_RS01425,CSING_01505,CSING_RS01425,OP_CSING_RS01425,TGTGACTAAAGTCTCA,A,no,cg0350 -> cg0445,18573287;18832313,CoryneRegNet7
CSING_RS01050,CSING_01095,CSING_RS01050,Dual,CSING_RS12280,CSING_12580,CSING_RS12280,OP_CSING_RS12270,,A,no,b3357 -> b0598,,CoryneRegNet7
CSING_RS01050,CSING_01095,CSING_RS01050,Dual,CSING_RS12275,CSING_12575,CSING_RS12275,OP_CSING_RS12270,,A,no,b3357 -> b0598,,CoryneRegNet7
CSING_RS01050,CSING_01095,CSING_RS01050,Dual,CSING_RS07850,CSING_08045,CSING_RS07850,,GAGATTTGCATCACAAT,A,no,b3357 -> b3961,,CoryneRegNet7
CSING_RS01050,CSING_01095,CSING_RS01050,Dual,CSING_RS09010,CSING_09220,CSING_RS09010,,TGTGATTTATCTCA,A,no,b3357 -> b0430,,CoryneRegNet7
CSING_RS01050,CSING_01095,CSING_RS01050,Dual,CSING_RS10605,CSING_10895,CSING_RS10605,,TGTGTTCTGGATCAC,A,no,b3357 -> b0431,,CoryneRegNet7
CSING_RS01050,CSING_01095,CSING_RS01050,Dual,CSING_RS02890,CSING_03015,CSING_RS02890,OP_CSING_RS02885,,A,no,b3357 -> b0334,,CoryneRegNet7
CSING_RS01050,CSING_01095,CSING_RS01050,Dual,CSING_RS05730,CSING_05915,CSING_RS05730,OP_CSING_RS05730,TGTGGGTTAGAACAC,R,no,cg0350 -> cg2610,23103979,CoryneRegNet7
CSING_RS01050,CSING_01095,CSING_RS01050,Dual,CSING_RS11565,CSING_11870,CSING_RS11565,OP_CSING_RS11565,GTGCGCTATTCCACA,R,no,cg0350 -> cg3048,23103979,CoryneRegNet7
CSING_RS01050,CSING_01095,CSING_RS01050,Dual,CSING_RS01440,CSING_01520,CSING_RS01440,OP_CSING_RS01425,,R,no,cg0350 -> cg0445,19665500;19583988;18832313,CoryneRegNet7
CSING_RS01050,CSING_01095,CSING_RS01050,Dual,CSING_RS01435,CSING_01515,CSING_RS01435,OP_CSING_RS01425,,R,no,cg0350 -> cg0445,19665500;19583988;18832313,CoryneRegNet7
CSING_RS01050,CSING_01095,CSING_RS01050,Dual,CSING_RS01425,CSING_01505,CSING_RS01425,OP_CSING_RS01425,TGTGACTAAAGTCTCA,R,no,cg0350 -> cg0445,19665500;19583988;18832313,CoryneRegNet7
CSING_RS01050,CSING_01095,CSING_RS01050,Dual,CSING_RS01440,CSING_01520,CSING_RS01440,OP_CSING_RS01425,,A,no,cg0350 -> cg0445,18573287;18832313,CoryneRegNet7
CSING_RS01050,CSING_01095,CSING_RS01050,Dual,CSING_RS01435,CSING_01515,CSING_RS01435,OP_CSING_RS01425,,A,no,cg0350 -> cg0445,18573287;18832313,CoryneRegNet7
CSING_RS01050,CSING_01095,CSING_RS01050,Dual,CSING_RS01430,CSING_01510,sdhA,OP_CSING_RS01425,,A,no,cg0350 -> sdhCD,18573287;18832313,CoryneRegNet7
CSING_RS01050,CSING_01095,CSING_RS01050,Dual,CSING_RS12335,CSING_12635,CSING_RS12335,,CCTTGTTTCACA,R,no,cg0350 -> cg3251,23103979,CoryneRegNet7
CSING_RS01050,CSING_01095,CSING_RS01050,Dual,CSING_RS05735,CSING_05920,CSING_RS05735,OP_CSING_RS05730,,R,no,cg0350 -> cg2610,23103979,CoryneRegNet7
CSING_RS01050,CSING_01095,CSING_RS01050,Dual,CSING_RS11560,CSING_11865,CSING_RS11560,OP_CSING_RS11565,,R,no,cg0350 -> cg3048,23103979,CoryneRegNet7
CSING_RS01050,CSING_01095,CSING_RS01050,Dual,CSING_RS03440,CSING_03590,CSING_RS03440,,TGTGTCTCATGCCAC,R,no,cg0350 -> cg0566,23103979,CoryneRegNet7
CSING_RS01050,CSING_01095,CSING_RS01050,Dual,CSING_RS01430,CSING_01510,sdhA,OP_CSING_RS01425,,R,no,cg0350 -> sdhCD,19665500;19583988;18832313,CoryneRegNet7
CSING_RS01050,CSING_01095,CSING_RS01050,Dual,CSING_RS05470,CSING_05650,CSING_RS05470,,TGTGCCTGAAGGCAC,R,no,cg0350 -> cg1314,18573287;19665500,CoryneRegNet7
CSING_RS01050,CSING_01095,CSING_RS01050,Dual,CSING_RS02215,CSING_02325,CSING_RS02215,,CTGTGAAATGGATTAAA,A,no,b3357 -> b3722,,CoryneRegNet7
CSING_RS01050,CSING_01095,CSING_RS01050,Dual,CSING_RS06890,CSING_07080,CSING_RS06890,OP_CSING_RS06890,AAGTGGTTTCAGTCACAT,A,no,b3357 -> b3452,,CoryneRegNet7
CSING_RS01050,CSING_01095,CSING_RS01050,Dual,CSING_RS12240,CSING_12540,CSING_RS12240,OP_CSING_RS12250,,A,no,b3357 -> b3236,,CoryneRegNet7
CSING_RS01050,CSING_01095,CSING_RS01050,Dual,CSING_RS12245,CSING_12545,CSING_RS12245,OP_CSING_RS12250,,A,no,b3357 -> b3236,,CoryneRegNet7
CSING_RS01050,CSING_01095,CSING_RS01050,Dual,CSING_RS12270,CSING_12570,CSING_RS12270,OP_CSING_RS12270,TGAGTGAGTTCACAG,A,no,b3357 -> b0598,,CoryneRegNet7
CSING_RS01050,CSING_01095,CSING_RS01050,Dual,CSING_RS02885,CSING_03010,CSING_RS02885,OP_CSING_RS02885,AATGTGATGGCTATCGCAC,A,no,b3357 -> b0334,,CoryneRegNet7
CSING_RS01050,CSING_01095,CSING_RS01050,Dual,CSING_RS03070,CSING_03195,CSING_RS03070,,GAGTCAGGTCACAAT,A,no,b3357 -> b0039,,CoryneRegNet7
CSING_RS01050,CSING_01095,CSING_RS01050,Dual,CSING_RS03070,CSING_03195,CSING_RS03070,,GAGTCAGGTCACA,R,no,cg0350 -> cg0346,18573287,CoryneRegNet7
CSING_RS01050,CSING_01095,CSING_RS01050,Dual,CSING_RS01420,CSING_01500,CSING_RS01420,,TGTGACTAAAGTCTCA,R,no,cg0350 -> cg0444,18355281,CoryneRegNet7
CSING_RS01050,CSING_01095,CSING_RS01050,Dual,CSING_RS02955,CSING_03080,CSING_RS02955,OP_CSING_RS02955,TGTGAGGCAAATCAC,R,no,cg0350 -> cg0812,18573287;16233348,CoryneRegNet7
CSING_RS01050,CSING_01095,CSING_RS01050,Dual,CSING_RS02950,CSING_03075,CSING_RS02950,OP_CSING_RS02955,,R,no,cg0350 -> cg0812,18573287;16233348,CoryneRegNet7
CSING_RS01050,CSING_01095,CSING_RS01050,Dual,CSING_RS02945,CSING_03070,CSING_RS02945,OP_CSING_RS02955,,R,no,cg0350 -> cg0812,18573287;16233348,CoryneRegNet7
CSING_RS01050,CSING_01095,CSING_RS01050,Dual,CSING_RS02940,CSING_03065,CSING_RS02940,OP_CSING_RS02955,,R,no,cg0350 -> cg0812,18573287;16233348,CoryneRegNet7
CSING_RS01050,CSING_01095,CSING_RS01050,Dual,CSING_RS03700,CSING_03850,CSING_RS03700,,GTGACTTTGGCCAC,A,no,cg0350 -> cg0878,18573287,CoryneRegNet7
CSING_RS01050,CSING_01095,CSING_RS01050,Dual,CSING_RS03705,CSING_03855,CSING_RS03705,,GTGACTTTGGCCAC,A,no,cg0350 -> cg0879,18573287,CoryneRegNet7
CSING_RS01050,CSING_01095,CSING_RS01050,Dual,CSING_RS04110,CSING_04270,CSING_RS04110,,GTTATCTATGTCACA,A,no,cg0350 -> cg0936,18573287,CoryneRegNet7
CSING_RS01050,CSING_01095,CSING_RS01050,Dual,CSING_RS01545,CSING_01630,CSING_RS01545,,TGTGAGGTTTTTCTCA,R,no,cg0350 -> cg0957,18573287,CoryneRegNet7
CSING_RS01050,CSING_01095,CSING_RS01050,Dual,CSING_RS01035,CSING_01075,CSING_RS01035,,TGTGACCTGTTAGACA,R,no,cg0350 -> cg0337,18573287;19665500,CoryneRegNet7
CSING_RS01050,CSING_01095,CSING_RS01050,Dual,CSING_RS08990,CSING_09200,CSING_RS08990,,GTGACGAAGGTCACA,A,no,cg0350 -> cg2402,18573287,CoryneRegNet7
CSING_RS01050,CSING_01095,CSING_RS01050,Dual,CSING_RS11975,CSING_12280,CSING_RS11975,,TGCCCTATTCCACA,R,no,cg0350 -> cg3169,18573287;17600063,CoryneRegNet7
CSING_RS01050,CSING_01095,CSING_RS01050,Dual,CSING_RS11570,CSING_11875,CSING_RS11570,,GTGCGCTATTCCACA,R,no,cg0350 -> cg1537,18573287;19665500,CoryneRegNet7
CSING_RS01050,CSING_01095,CSING_RS01050,Dual,CSING_RS06890,CSING_07080,CSING_RS06890,OP_CSING_RS06890,TGTGACTGAAACCAC,R,no,cg0350 -> cg1568,18573287;19665500,CoryneRegNet7
CSING_RS01050,CSING_01095,CSING_RS01050,Dual,CSING_RS06885,CSING_07075,CSING_RS06885,OP_CSING_RS06890,,R,no,cg0350 -> cg1568,18573287;19665500,CoryneRegNet7
CSING_RS01050,CSING_01095,CSING_RS01050,Dual,CSING_RS06455,CSING_06645,CSING_RS06455,,GTGGGATATATCAC,R,no,cg0350 -> cg1791,18573287;17600063;19665500,CoryneRegNet7
CSING_RS01050,CSING_01095,CSING_RS01050,Dual,CSING_RS10805,CSING_11110,CSING_RS10805,,GTGCCTAAGGTGACA,A,no,cg0350 -> cg2840,18573287;19665500,CoryneRegNet7
CSING_RS01050,CSING_01095,CSING_RS01050,Dual,CSING_RS09010,CSING_09220,CSING_RS09010,,TGTGATTTATCTCA,A,no,cg0350 -> cg2406,18573287,CoryneRegNet7
CSING_RS01050,CSING_01095,CSING_RS01050,Dual,CSING_RS09020,CSING_09230,CSING_RS09020,OP_CSING_RS09020,TGATCCAATTCACA,A,no,cg0350 -> cg2409,18573287,CoryneRegNet7
CSING_RS01050,CSING_01095,CSING_RS01050,Dual,CSING_RS09015,CSING_09225,CSING_RS09015,OP_CSING_RS09020,,A,no,cg0350 -> cg2409,18573287,CoryneRegNet7
CSING_RS01050,CSING_01095,CSING_RS01050,Dual,CSING_RS09025,CSING_09235,CSING_RS09025,,TGATCCAATTCACA,A,no,cg0350 -> cg2410,18573287,CoryneRegNet7
CSING_RS01050,CSING_01095,CSING_RS01050,Dual,CSING_RS07970,CSING_08165,CSING_RS07970,,TGATTCAGTTCAC,R,no,cg0350 -> cg2136,18573287,CoryneRegNet7
CSING_RS01050,CSING_01095,CSING_RS01050,Dual,CSING_RS12265,CSING_12565,CSING_RS12265,,TTGAGAATTTGGCCACAAT,A,no,b3357 -> b3908,,CoryneRegNet7
CSING_RS01050,CSING_01095,CSING_RS01050,Dual,CSING_RS08740,CSING_08940,CSING_RS08740,,TCTGTGAAATCCATCAA,A,no,b3357 -> b2957,,CoryneRegNet7
CSING_RS01050,CSING_01095,CSING_RS01050,Dual,CSING_RS06510,CSING_06700,CSING_RS06510,,TGTGACTTTT,A,no,cg0350 -> cg1769,18573287,CoryneRegNet7
CSING_RS01050,CSING_01095,CSING_RS01050,Dual,CSING_RS10605,CSING_10895,CSING_RS10605,,GTGATCCAGAACACA,A,no,cg0350 -> cg2780,18573287,CoryneRegNet7
CSING_RS01050,CSING_01095,CSING_RS01050,Dual,CSING_RS10640,CSING_10930,CSING_RS10640,,GTGATTTCAATCGC,A,no,b3357 -> b2943,,CoryneRegNet7
CSING_RS01050,CSING_01095,CSING_RS01050,Dual,CSING_RS06885,CSING_07075,CSING_RS06885,OP_CSING_RS06890,,A,no,b3357 -> b3452,,CoryneRegNet7
CSING_RS01050,CSING_01095,CSING_RS01050,Dual,CSING_RS12250,CSING_12550,CSING_RS12250,OP_CSING_RS12250,TGTGAATTCGGGCGCAT,A,no,b3357 -> b3236,,CoryneRegNet7
CSING_RS01050,CSING_01095,CSING_RS01050,Dual,CSING_RS07880,CSING_08075,CSING_RS07880,,GTGATCCTATTGACA,R,no,b3357 -> b2416,,CoryneRegNet7
CSING_RS01050,CSING_01095,CSING_RS01050,Dual,CSING_RS07880,CSING_08075,CSING_RS07880,,GTGATCCTATTGACA,A,no,b3357 -> b2416,,CoryneRegNet7
CSING_RS01220,CSING_01285,CSING_RS01220,Dual,CSING_RS01220,CSING_01285,CSING_RS01220,OP_CSING_RS01220,TTCAGCACATGCTGA,R,no,cg1032 -> cg1032,,CoryneRegNet7
CSING_RS01220,CSING_01285,CSING_RS01220,Dual,CSING_RS05945,CSING_06130,CSING_RS05945,,TCAGGCAGAGGCTGATG,R,no,Rv1994c -> Rv1986,25581030,CoryneRegNet7
CSING_RS01220,CSING_01285,CSING_RS01220,Dual,CSING_RS05955,CSING_06140,CSING_RS05955,OP_CSING_RS05950,,R,no,Rv1994c -> Rv1985c,25581030,CoryneRegNet7
CSING_RS01220,CSING_01285,CSING_RS01220,Dual,CSING_RS01215,CSING_01280,CSING_RS01215,OP_CSING_RS01220,,R,no,cg1032 -> cg1032,,CoryneRegNet7
CSING_RS01220,CSING_01285,CSING_RS01220,Dual,CSING_RS01215,CSING_01280,CSING_RS01215,OP_CSING_RS01220,,A,no,Rv1994c -> Rv1994c,25581030,CoryneRegNet7
CSING_RS01220,CSING_01285,CSING_RS01220,Dual,CSING_RS01220,CSING_01285,CSING_RS01220,OP_CSING_RS01220,CGATCCTGCTGCAGCTG,A,no,Rv1994c -> Rv1994c,25581030,CoryneRegNet7
CSING_RS01220,CSING_01285,CSING_RS01220,Dual,CSING_RS05950,CSING_06135,CSING_RS05950,OP_CSING_RS05950,TGGCCTATGTCGATG,R,no,Rv1994c -> Rv1985c,25581030,CoryneRegNet7
CSING_RS01420,CSING_01500,CSING_RS01420,R,CSING_RS01430,CSING_01510,sdhA,OP_CSING_RS01425,,R,no,cg0444 -> sdhCD,15090522;19583988,CoryneRegNet7
CSING_RS01420,CSING_01500,CSING_RS01420,R,CSING_RS01435,CSING_01515,CSING_RS01435,OP_CSING_RS01425,,R,no,cg0444 -> cg0445,15090522;19583988,CoryneRegNet7
CSING_RS01420,CSING_01500,CSING_RS01420,R,CSING_RS01440,CSING_01520,CSING_RS01440,OP_CSING_RS01425,,R,no,cg0444 -> cg0445,15090522;19583988,CoryneRegNet7
CSING_RS01420,CSING_01500,CSING_RS01420,R,CSING_RS04160,CSING_04320,CSING_RS04160,,AGTTTGCAAA,R,no,cg0444 -> cg0949,15090522;20630483;20620178,CoryneRegNet7
CSING_RS01420,CSING_01500,CSING_RS01420,R,CSING_RS09010,CSING_09220,CSING_RS09010,,AACTTTGCA,R,no,cg0444 -> cg2406,15090522,CoryneRegNet7
CSING_RS01420,CSING_01500,CSING_RS01420,R,CSING_RS11690,CSING_11995,CSING_RS11690,,TATTCTGCCAA,R,no,cg0444 -> cg3096,19041911;20620178,CoryneRegNet7
CSING_RS01420,CSING_01500,CSING_RS01420,R,CSING_RS01420,CSING_01500,CSING_RS01420,,ATTTGCAAA,R,no,cg0444 -> cg0444,15090522;17114251,CoryneRegNet7
CSING_RS01420,CSING_01500,CSING_RS01420,R,CSING_RS04155,CSING_04315,CSING_RS04155,,TACTTTGCCA,R,no,cg0444 -> cg0948,15090522,CoryneRegNet7
CSING_RS01420,CSING_01500,CSING_RS01420,R,CSING_RS01425,CSING_01505,CSING_RS01425,OP_CSING_RS01425,ATTTGCAAA,R,no,cg0444 -> cg0445,15090522;19583988,CoryneRegNet7
CSING_RS01420,CSING_01500,CSING_RS01420,R,CSING_RS10760,CSING_11060,CSING_RS10760,,AGTTTTGCAA,R,no,cg0444 -> cg2833,17183211,CoryneRegNet7
CSING_RS01580,CSING_01665,CSING_RS01580,A,CSING_RS10820,CSING_11125,CSING_RS10820,OP_CSING_RS10830,,A,no,b0399 -> b3727,,CoryneRegNet7
CSING_RS01580,CSING_01665,CSING_RS01580,A,CSING_RS10825,CSING_11130,CSING_RS10825,OP_CSING_RS10830,,A,no,b0399 -> b3727,,CoryneRegNet7
CSING_RS01580,CSING_01665,CSING_RS01580,A,CSING_RS10830,CSING_11135,CSING_RS10830,OP_CSING_RS10830,TCACATATTTT,A,no,b0399 -> b3727,,CoryneRegNet7
CSING_RS01675,CSING_01760,CSING_RS01675,R,CSING_RS01670,CSING_01755,CSING_RS01670,OP_CSING_RS01675,,R,no,b2017 -> b2017,,CoryneRegNet7
CSING_RS01675,CSING_01760,CSING_RS01675,R,CSING_RS01675,CSING_01760,CSING_RS01675,OP_CSING_RS01675,TTGTACAGTT,R,no,b2017 -> b2017,,CoryneRegNet7
CSING_RS01795,CSING_01885,CSING_RS01795,R,CSING_RS01795,CSING_01885,CSING_RS01795,,GTTCAATCTGTTGAACA,R,no,cg0741 -> cg0741,,CoryneRegNet7
CSING_RS02765,CSING_02890,CSING_RS02765,Dual,CSING_RS02775,CSING_02900,CSING_RS02775,OP_CSING_RS02770,,A,no,cg0897 -> cg0898,12948641;20847010,CoryneRegNet7
CSING_RS02765,CSING_02890,CSING_RS02765,Dual,CSING_RS02765,CSING_02890,CSING_RS02765,OP_CSING_RS02765,TAGACCACTT,R,no,cg0897 -> cg0897,20847010,CoryneRegNet7
CSING_RS02765,CSING_02890,CSING_RS02765,Dual,CSING_RS02770,CSING_02895,CSING_RS02770,OP_CSING_RS02770,TAGACCACTT,A,no,cg0897 -> cg0898,12948641;20847010,CoryneRegNet7
CSING_RS02765,CSING_02890,CSING_RS02765,Dual,CSING_RS02760,CSING_02885,CSING_RS02760,OP_CSING_RS02765,,R,no,cg0897 -> cg0897,20847010,CoryneRegNet7
CSING_RS03605,CSING_03755,CSING_RS03605,Dual,CSING_RS10625,CSING_10915,CSING_RS10625,OP_CSING_RS10630,,A,no,cg0862 -> cg2789,21183673,CoryneRegNet7
CSING_RS03605,CSING_03755,CSING_RS03605,Dual,CSING_RS04600,CSING_04770,CSING_RS04600,OP_CSING_RS04585,,R,no,cg0862 -> cg1037,21183673,CoryneRegNet7
CSING_RS03605,CSING_03755,CSING_RS03605,Dual,CSING_RS04595,CSING_04765,CSING_RS04595,OP_CSING_RS04585,,R,no,cg0862 -> cg1037,21183673,CoryneRegNet7
CSING_RS03605,CSING_03755,CSING_RS03605,Dual,CSING_RS04585,CSING_04755,CSING_RS04585,OP_CSING_RS04585,TAACGATACGGTAACA,R,no,cg0862 -> cg1037,21183673,CoryneRegNet7
CSING_RS03605,CSING_03755,CSING_RS03605,Dual,CSING_RS04030,CSING_04190,CSING_RS04030,OP_CSING_RS04030,GTCACATTTTT,A,no,cg0862 -> cg0133,21183673,CoryneRegNet7
CSING_RS03605,CSING_03755,CSING_RS03605,Dual,CSING_RS04545,CSING_04715,CSING_RS04545,,GTAACGATACGATAACGAT,A,no,cg0862 -> cg1016,17064374;21183673,CoryneRegNet7
CSING_RS03605,CSING_03755,CSING_RS03605,Dual,CSING_RS08990,CSING_09200,CSING_RS08990,,GTTACGAAATCATCACAA,R,no,cg0862 -> cg2402,17064374;21183673,CoryneRegNet7
CSING_RS03605,CSING_03755,CSING_RS03605,Dual,CSING_RS04035,CSING_04195,CSING_RS04035,OP_CSING_RS04030,,A,no,cg0862 -> cg0133,21183673,CoryneRegNet7
CSING_RS03605,CSING_03755,CSING_RS03605,Dual,CSING_RS02650,CSING_02765,CSING_RS02650,,AACAATGTGGTTACGA,A,no,cg0862 -> cg0715,21183673,CoryneRegNet7
CSING_RS03605,CSING_03755,CSING_RS03605,Dual,CSING_RS04590,CSING_04760,CSING_RS04590,OP_CSING_RS04585,,R,no,cg0862 -> cg1037,21183673,CoryneRegNet7
CSING_RS03605,CSING_03755,CSING_RS03605,Dual,CSING_RS04370,CSING_04530,CSING_RS04370,,GTCACAATCGGATAAC,A,no,cg0862 -> cg0980,21183673,CoryneRegNet7
CSING_RS03605,CSING_03755,CSING_RS03605,Dual,CSING_RS03595,CSING_03745,CSING_RS03595,OP_CSING_RS03595,GTCACAAGTCGGTAACAA,A,no,cg0862 -> cg0859,21183673,CoryneRegNet7
CSING_RS03605,CSING_03755,CSING_RS03605,Dual,CSING_RS03600,CSING_03750,CSING_RS03600,OP_CSING_RS03595,,A,no,cg0862 -> cg0859,21183673,CoryneRegNet7
CSING_RS03605,CSING_03755,CSING_RS03605,Dual,CSING_RS03605,CSING_03755,CSING_RS03605,OP_CSING_RS03595,,A,no,cg0862 -> cg0859,21183673,CoryneRegNet7
CSING_RS03605,CSING_03755,CSING_RS03605,Dual,CSING_RS10630,CSING_10920,CSING_RS10630,OP_CSING_RS10630,GTCACAAAACGG,A,no,cg0862 -> cg2789,21183673,CoryneRegNet7
CSING_RS04290,CSING_04450,CSING_RS04290,A,CSING_RS04290,CSING_04450,CSING_RS04290,,GAGAGCACTGCTC,A,no,Rv1816 -> Rv1816,25581030,CoryneRegNet7
CSING_RS04365,CSING_04525,CSING_RS04365,R,CSING_RS04355,CSING_04515,CSING_RS04355,OP_CSING_RS04365,,R,no,cg0979 -> cg0979,,CoryneRegNet7
CSING_RS04365,CSING_04525,CSING_RS04365,R,CSING_RS04360,CSING_04520,CSING_RS04360,OP_CSING_RS04365,,R,no,cg0979 -> cg0979,,CoryneRegNet7
CSING_RS04365,CSING_04525,CSING_RS04365,R,CSING_RS04365,CSING_04525,CSING_RS04365,OP_CSING_RS04365,GTTACCGGGTAA,R,no,cg0979 -> cg0979,,CoryneRegNet7
CSING_RS04420,CSING_04580,CSING_RS04420,R,CSING_RS09200,CSING_09415,CSING_RS09200,,ACTACCTGTAAACTGATCG,R,no,cg0986 -> cg2429,11445173;16194241;16698104;20854853,CoryneRegNet7
CSING_RS04420,CSING_04580,CSING_RS04420,R,CSING_RS08520,CSING_08720,CSING_RS08520,,AATTTAGGTCGAATGATAGAAA,R,no,cg0986 -> cg2280,16194241;19394370;20854853,CoryneRegNet7
CSING_RS04420,CSING_04580,CSING_RS04420,R,CSING_RS01190,CSING_01250,CSING_RS01190,,AATATCTAGCGAACTATAGC,R,no,cg0986 -> cg2181,16194241;16698104;20854853,CoryneRegNet7
CSING_RS04985,CSING_05160,CSING_RS04985,R,CSING_RS04980,CSING_05155,CSING_RS04980,OP_CSING_RS04985,,R,no,cg0454 -> cg0454,,CoryneRegNet7
CSING_RS04985,CSING_05160,CSING_RS04985,R,CSING_RS04985,CSING_05160,CSING_RS04985,OP_CSING_RS04985,TGCACTTGGTGCAA,R,no,cg0454 -> cg0454,,CoryneRegNet7
CSING_RS05495,CSING_05675,CSING_RS05495,R,CSING_RS12260,CSING_12560,CSING_RS12260,,TTGTTGAAAT,R,no,cg1324 -> cg3236,,CoryneRegNet7
CSING_RS05495,CSING_05675,CSING_RS05495,R,CSING_RS12265,CSING_12565,CSING_RS12265,,TTGTTGAAAT,R,no,cg1324 -> cg3237,20643656,CoryneRegNet7
CSING_RS05495,CSING_05675,CSING_RS05495,R,CSING_RS12845,CSING_13155,CSING_RS12845,,TGTTGACGTGACAACAA,R,no,cg1324 -> cg1322,20643656,CoryneRegNet7
CSING_RS05950,CSING_06135,CSING_RS05950,Dual,CSING_RS05945,CSING_06130,CSING_RS05945,,TGAACCCGCT,A,no,cg1425 -> cg1424,11429454;8971704,CoryneRegNet7
CSING_RS05950,CSING_06135,CSING_RS05950,Dual,CSING_RS05950,CSING_06135,CSING_RS05950,OP_CSING_RS05950,TGAACCCGCT,R,no,cg1425 -> cg1425,,CoryneRegNet7
CSING_RS05950,CSING_06135,CSING_RS05950,Dual,CSING_RS05955,CSING_06140,CSING_RS05955,OP_CSING_RS05950,,R,no,cg1425 -> cg1425,,CoryneRegNet7
CSING_RS06215,CSING_06410,CSING_RS06215,R,CSING_RS12765,CSING_13075,CSING_RS12765,OP_CSING_RS12750,,R,no,cg1486 -> cg3359,17259312,CoryneRegNet7
CSING_RS06215,CSING_06410,CSING_RS06215,R,CSING_RS12750,CSING_13060,CSING_RS12750,OP_CSING_RS12750,ATAGTGAG,R,no,cg1486 -> cg3359,17259312,CoryneRegNet7
CSING_RS06215,CSING_06410,CSING_RS06215,R,CSING_RS12755,CSING_13065,CSING_RS12755,OP_CSING_RS12750,,R,no,cg1486 -> cg3359,17259312,CoryneRegNet7
CSING_RS06215,CSING_06410,CSING_RS06215,R,CSING_RS12760,CSING_13070,CSING_RS12760,OP_CSING_RS12750,,R,no,cg1486 -> cg3359,17259312,CoryneRegNet7
CSING_RS06215,CSING_06410,CSING_RS06215,R,CSING_RS12770,CSING_13080,CSING_RS12770,OP_CSING_RS12750,,R,no,cg1486 -> cg3359,17259312,CoryneRegNet7
CSING_RS06215,CSING_06410,CSING_RS06215,R,CSING_RS12775,CSING_13085,CSING_RS12775,OP_CSING_RS12750,,R,no,cg1486 -> cg3359,17259312,CoryneRegNet7
CSING_RS06330,CSING_06520,CSING_RS06330,Dual,CSING_RS06335,CSING_06525,CSING_RS06335,OP_CSING_RS06330,,Repressor,no,BSU_15470 -> BSU_15470,"7868607, 8206849, 8636037, 8824632, 8955403, 8824632, 11726695, 12896995",CoryneRegNet7
CSING_RS06330,CSING_06520,CSING_RS06330,Dual,CSING_RS06340,CSING_06530,pyrC,OP_CSING_RS06330,,R,no,cg1817 -> pyrR,26260458,CoryneRegNet7
CSING_RS06330,CSING_06520,CSING_RS06330,Dual,CSING_RS06335,CSING_06525,CSING_RS06335,OP_CSING_RS06330,,R,no,cg1817 -> cg1817,26260458,CoryneRegNet7
CSING_RS06330,CSING_06520,CSING_RS06330,Dual,CSING_RS06330,CSING_06520,CSING_RS06330,OP_CSING_RS06330,GACCGCACTGTGAGGCGGGGAA,R,no,cg1817 -> cg1817,26260458,CoryneRegNet7
CSING_RS06330,CSING_06520,CSING_RS06330,Dual,CSING_RS06330,CSING_06520,CSING_RS06330,OP_CSING_RS06330,ATCCTTTAAAGACCGCACTGTGAGGCGGGGAAGGAGG,Repressor,no,BSU_15470 -> BSU_15470,"7868607, 8206849, 8636037, 8824632, 8955403, 8824632, 11726695, 12896995",CoryneRegNet7
CSING_RS06330,CSING_06520,CSING_RS06330,Dual,CSING_RS06340,CSING_06530,pyrC,OP_CSING_RS06330,,Repressor,no,BSU_15470 -> pyrR,"7868607, 8206849, 8636037, 8824632, 8955403, 8824632, 11726695, 12896995",CoryneRegNet7
CSING_RS06530,CSING_06720,CSING_RS06530,R,CSING_RS06545,CSING_06735,CSING_RS06545,OP_CSING_RS06530,,R,no,cg1765 -> cg1765,17483229,CoryneRegNet7
CSING_RS06530,CSING_06720,CSING_RS06530,R,CSING_RS06530,CSING_06720,CSING_RS06530,OP_CSING_RS06530,TTAAGGAACACTAGTGTTGTCTAA,R,no,cg1765 -> cg1765,17483229,CoryneRegNet7
CSING_RS06530,CSING_06720,CSING_RS06530,R,CSING_RS06540,CSING_06730,CSING_RS06540,OP_CSING_RS06530,,R,no,cg1765 -> cg1765,17483229,CoryneRegNet7
CSING_RS06530,CSING_06720,CSING_RS06530,R,CSING_RS06535,CSING_06725,CSING_RS06535,OP_CSING_RS06530,,R,no,cg1765 -> cg1765,17483229,CoryneRegNet7
CSING_RS06615,CSING_06805,CSING_RS06615,R,CSING_RS06620,CSING_06810,acnA,,CAGAACGCCCGTACTG,R,no,cg1738 -> acn,15494411;18285691,CoryneRegNet7
CSING_RS07195,CSING_07390,CSING_RS07195,R,CSING_RS07220,CSING_07415,CSING_RS07220,,TGAATAACAT,R,no,cg1585 -> cg1580,21559975,CoryneRegNet7
CSING_RS07250,CSING_07445,CSING_RS07250,Repressor,CSING_RS07260,,CSING_RS07260,OP_CSING_RS07260,AAGCACGCACCACTCACGTG,Repressor,no,BSU_28850 -> BSU_28870,17289755,CoryneRegNet7
CSING_RS07250,CSING_07445,CSING_RS07250,Repressor,CSING_RS07255,CSING_07450,CSING_RS07255,OP_CSING_RS07260,,Repressor,no,BSU_28850 -> BSU_28870,17289755,CoryneRegNet7
CSING_RS07800,CSING_07995,CSING_RS07800,Dual,CSING_RS04055,CSING_04215,CSING_RS04055,OP_CSING_RS04040,,R,no,cg2103 -> cg0924,16469103,CoryneRegNet7
CSING_RS07800,CSING_07995,CSING_RS07800,Dual,CSING_RS01435,CSING_01515,CSING_RS01435,OP_CSING_RS01425,,A,no,cg2103 -> cg0445,16469103,CoryneRegNet7
CSING_RS07800,CSING_07995,CSING_RS07800,Dual,CSING_RS04050,CSING_04210,CSING_RS04050,OP_CSING_RS04040,,R,no,cg2103 -> cg0924,16469103,CoryneRegNet7
CSING_RS07800,CSING_07995,CSING_RS07800,Dual,CSING_RS04045,CSING_04205,CSING_RS04045,OP_CSING_RS04040,,R,no,cg2103 -> cg0924,16469103,CoryneRegNet7
CSING_RS07800,CSING_07995,CSING_RS07800,Dual,CSING_RS02010,CSING_02125,CSING_RS02010,OP_CSING_RS02000,,R,no,cg2103 -> cg0748,16469103,CoryneRegNet7
CSING_RS07800,CSING_07995,CSING_RS07800,Dual,CSING_RS01440,CSING_01520,CSING_RS01440,OP_CSING_RS01425,,A,no,cg2103 -> cg0445,16469103,CoryneRegNet7
CSING_RS07800,CSING_07995,CSING_RS07800,Dual,CSING_RS04040,CSING_04200,CSING_RS04040,OP_CSING_RS04040,TTAGGTGTGGCTAACC,R,no,cg2103 -> cg0924,16469103,CoryneRegNet7
CSING_RS07800,CSING_07995,CSING_RS07800,Dual,CSING_RS02015,CSING_02130,CSING_RS02015,OP_CSING_RS02000,,R,no,cg2103 -> cg0748,16469103,CoryneRegNet7
CSING_RS07800,CSING_07995,CSING_RS07800,Dual,CSING_RS02005,CSING_02120,CSING_RS02005,OP_CSING_RS02000,,R,no,cg2103 -> cg0748,16469103,CoryneRegNet7
CSING_RS07800,CSING_07995,CSING_RS07800,Dual,CSING_RS02000,CSING_02115,CSING_RS02000,OP_CSING_RS02000,AAGTTAGGCTAGCCTC,R,no,cg2103 -> cg0748,16469103,CoryneRegNet7
CSING_RS07800,CSING_07995,CSING_RS07800,Dual,CSING_RS03930,CSING_04080,CSING_RS03930,OP_CSING_RS03945,,R,no,cg2103 -> cg0591,16469103,CoryneRegNet7
CSING_RS07800,CSING_07995,CSING_RS07800,Dual,CSING_RS03935,CSING_04085,CSING_RS03935,OP_CSING_RS03945,,R,no,cg2103 -> cg0591,16469103,CoryneRegNet7
CSING_RS07800,CSING_07995,CSING_RS07800,Dual,CSING_RS03940,CSING_04090,CSING_RS03940,OP_CSING_RS03945,,R,no,cg2103 -> cg0591,16469103,CoryneRegNet7
CSING_RS07800,CSING_07995,CSING_RS07800,Dual,CSING_RS03945,CSING_04095,CSING_RS03945,OP_CSING_RS03945,TAGGTAAGGTTAGCCTT,R,no,cg2103 -> cg0591,16469103,CoryneRegNet7
CSING_RS07800,CSING_07995,CSING_RS07800,Dual,CSING_RS09230,CSING_09445,CSING_RS09230,OP_CSING_RS09230,AGGCAAGCCTAGCCTA,R,no,cg2103 -> cg0466,16469103,CoryneRegNet7
CSING_RS07800,CSING_07995,CSING_RS07800,Dual,CSING_RS09235,CSING_09450,CSING_RS09235,,AGGCAAGCCTAGCCTA,R,no,cg2103 -> cg0465,16469103,CoryneRegNet7
CSING_RS07800,CSING_07995,CSING_RS07800,Dual,CSING_RS09225,CSING_09440,CSING_RS09225,OP_CSING_RS09230,,R,no,cg2103 -> cg0466,16469103,CoryneRegNet7
CSING_RS07800,CSING_07995,CSING_RS07800,Dual,CSING_RS09220,CSING_09435,CSING_RS09220,OP_CSING_RS09230,,R,no,cg2103 -> cg0466,16469103,CoryneRegNet7
CSING_RS07800,CSING_07995,CSING_RS07800,Dual,CSING_RS09215,CSING_09430,CSING_RS09215,OP_CSING_RS09230,,R,no,cg2103 -> cg0466,16469103,CoryneRegNet7
CSING_RS07800,CSING_07995,CSING_RS07800,Dual,CSING_RS01430,CSING_01510,sdhA,OP_CSING_RS01425,,A,no,cg2103 -> sdhCD,16469103,CoryneRegNet7
CSING_RS07800,CSING_07995,CSING_RS07800,Dual,CSING_RS09210,CSING_09425,CSING_RS09210,OP_CSING_RS09230,,R,no,cg2103 -> cg0466,16469103,CoryneRegNet7
CSING_RS07800,CSING_07995,CSING_RS07800,Dual,CSING_RS01425,CSING_01505,CSING_RS01425,OP_CSING_RS01425,AAGGTTAGGATCTCCTAA,A,no,cg2103 -> cg0445,16469103,CoryneRegNet7
CSING_RS07850,CSING_08045,CSING_RS07850,R,CSING_RS07850,CSING_08045,CSING_RS07850,,TGTAGCTATATGT,R,no,cg2109 -> cg2109,25107507,CoryneRegNet7
CSING_RS07865,CSING_08060,CSING_RS07865,R,CSING_RS10625,CSING_10915,CSING_RS10625,OP_CSING_RS10630,,R,no,cg2112 -> cg2789,15949864,CoryneRegNet7
CSING_RS07865,CSING_08060,CSING_RS07865,R,CSING_RS10630,CSING_10920,CSING_RS10630,OP_CSING_RS10630,TACTATATGTAGT,R,no,b0413 -> b2673,,CoryneRegNet7
CSING_RS07865,CSING_08060,CSING_RS07865,R,CSING_RS10625,CSING_10915,CSING_RS10625,OP_CSING_RS10630,,R,no,b0413 -> b2673,,CoryneRegNet7
CSING_RS07865,CSING_08060,CSING_RS07865,R,CSING_RS10630,CSING_10920,CSING_RS10630,OP_CSING_RS10630,CTACTATATGTAGTG,R,no,cg2112 -> cg2789,15949864,CoryneRegNet7
CSING_RS07870,CSING_08065,CSING_RS07870,Dual,CSING_RS05400,CSING_05575,CSING_RS05400,,TCGAACTTATTTTCGA,R,no,cg2114 -> cg1288,19372162,CoryneRegNet7
CSING_RS07870,CSING_08065,CSING_RS07870,Dual,CSING_RS07550,CSING_07745,CSING_RS07550,OP_CSING_RS07560,,R,no,cg2114 -> cg1871,19372162,CoryneRegNet7
CSING_RS07870,CSING_08065,CSING_RS07870,Dual,CSING_RS07560,CSING_07755,CSING_RS07560,OP_CSING_RS07560,CACACGTGTTCTA,R,no,cg2114 -> cg1871,19372162,CoryneRegNet7
CSING_RS07870,CSING_08065,CSING_RS07870,Dual,CSING_RS07995,CSING_08190,CSING_RS07995,OP_CSING_RS07995,AATCGAACACATGT,Repressor,no,BSU_17850 -> BSU_16940,"1577687, 8226626, 8899710, 8969214, 9045831, 9555905, 11555642, 16267290, 16269821",CoryneRegNet7
CSING_RS07870,CSING_08065,CSING_RS07870,Dual,CSING_RS07555,CSING_07750,CSING_RS07555,OP_CSING_RS07560,,R,no,cg2114 -> cg1871,19372162,CoryneRegNet7
CSING_RS07870,CSING_08065,CSING_RS07870,Dual,CSING_RS07545,CSING_07740,CSING_RS07545,OP_CSING_RS07560,,R,no,cg2114 -> cg1871,19372162,CoryneRegNet7
CSING_RS07870,CSING_08065,CSING_RS07870,Dual,CSING_RS07995,CSING_08190,CSING_RS07995,OP_CSING_RS07995,TCGAACACATGTG,R,no,cg2114 -> cg2141,19372162,CoryneRegNet7
CSING_RS07870,CSING_08065,CSING_RS07870,Dual,CSING_RS07990,CSING_08185,CSING_RS07990,OP_CSING_RS07995,,R,no,cg2114 -> cg2141,19372162,CoryneRegNet7
CSING_RS07870,CSING_08065,CSING_RS07870,Dual,CSING_RS08925,CSING_09135,CSING_RS08925,,TCGAACATGTGAGCT,R,no,cg2114 -> cg2381,19372162,CoryneRegNet7
CSING_RS07870,CSING_08065,CSING_RS07870,Dual,CSING_RS09300,CSING_09525,CSING_RS09300,,CGAACATTTGTAC,R,no,cg2114 -> cg2449,19372162,CoryneRegNet7
CSING_RS07870,CSING_08065,CSING_RS07870,Dual,CSING_RS07870,CSING_08065,CSING_RS07870,,AATCGAACATACG,Repressor,no,BSU_17850 -> BSU_17850,"1657879, 8899710, 9555905, 16267290",CoryneRegNet7
CSING_RS07870,CSING_08065,CSING_RS07870,Dual,CSING_RS07990,CSING_08185,CSING_RS07990,OP_CSING_RS07995,,Repressor,no,BSU_17850 -> BSU_16940,"1577687, 8226626, 8899710, 8969214, 9045831, 9555905, 11555642, 16267290, 16269821",CoryneRegNet7
CSING_RS07870,CSING_08065,CSING_RS07870,Dual,CSING_RS07865,CSING_08060,CSING_RS07865,,TCGAACATGT,R,no,cg2114 -> cg2112,19372162,CoryneRegNet7
CSING_RS07870,CSING_08065,CSING_RS07870,Dual,CSING_RS02675,CSING_02790,CSING_RS02675,,CGAACTATTGTTCTA,R,no,cg2114 -> cg0738,19372162,CoryneRegNet7
CSING_RS07870,CSING_08065,CSING_RS07870,Dual,CSING_RS07870,CSING_08065,CSING_RS07870,,TCGAAAATTTGTC,R,no,cg2114 -> cg2114,19372162,CoryneRegNet7
CSING_RS07875,CSING_08070,CSING_RS07875,R,CSING_RS05910,CSING_06095,CSING_RS05910,,TCGGACAC,R,no,cg2115 -> cg1408,18849435,CoryneRegNet7
CSING_RS07875,CSING_08070,CSING_RS07875,R,CSING_RS12240,CSING_12540,CSING_RS12240,OP_CSING_RS12250,,R,no,cg2115 -> cg3219,18849435;19332837;19221735,CoryneRegNet7
CSING_RS07875,CSING_08070,CSING_RS07875,R,CSING_RS12245,CSING_12545,CSING_RS12245,OP_CSING_RS12250,,R,no,cg2115 -> cg3219,18849435;19332837;19221735,CoryneRegNet7
CSING_RS07875,CSING_08070,CSING_RS07875,R,CSING_RS12250,CSING_12550,CSING_RS12250,OP_CSING_RS12250,TCGGACAT,R,no,cg2115 -> cg3219,18849435;19332837;19221735,CoryneRegNet7
CSING_RS07875,CSING_08070,CSING_RS07875,R,CSING_RS10750,CSING_11050,CSING_RS10750,OP_CSING_RS10755,,R,no,cg2115 -> cg2831,18849435;23396909,CoryneRegNet7
CSING_RS07875,CSING_08070,CSING_RS07875,R,CSING_RS07875,CSING_08070,CSING_RS07875,,TTAGTTCCG,R,no,b3131 -> b3131,,CoryneRegNet7
CSING_RS07875,CSING_08070,CSING_RS07875,R,CSING_RS10755,CSING_11055,CSING_RS10755,OP_CSING_RS10755,TTGGACAT,R,no,cg2115 -> cg2831,18849435;23396909,CoryneRegNet7
CSING_RS08025,CSING_08220,CSING_RS08025,A,CSING_RS10180,CSING_10460,CSING_RS10180,OP_CSING_RS10180,ACGCTCATAGCGAA,A,no,cg2152 -> cg2645,15049827;15978086,CoryneRegNet7
CSING_RS08025,CSING_08220,CSING_RS08025,A,CSING_RS11240,CSING_11545,CSING_RS11240,,TGTTCGCTACCGGCGTAC,A,no,cg2152 -> cg2963,15049827;15978086,CoryneRegNet7
CSING_RS08025,CSING_08220,CSING_RS08025,A,CSING_RS03770,CSING_03920,CSING_RS03770,,ACGCTGAGAGCGAAC,A,no,cg2152 -> cg0892,15978086,CoryneRegNet7
CSING_RS08025,CSING_08220,CSING_RS08025,A,CSING_RS10175,CSING_10455,clpP,OP_CSING_RS10180,,A,no,cg2152 -> clpP1,15049827;15978086,CoryneRegNet7
CSING_RS08640,CSING_08840,CSING_RS08640,R,CSING_RS00290,CSING_00295,CSING_RS00290,OP_CSING_RS00280,,R,no,cg2309 -> cg0095,17636889;22178235,CoryneRegNet7
CSING_RS08640,CSING_08840,CSING_RS08640,R,CSING_RS08005,CSING_08200,CSING_RS08005,OP_CSING_RS08005,TTGAACACTGTTCAA,R,no,cg2309 -> cg2147,17636889;22178235,CoryneRegNet7
CSING_RS08640,CSING_08840,CSING_RS08640,R,CSING_RS00285,CSING_00290,CSING_RS00285,OP_CSING_RS00280,,R,no,cg2309 -> cg0095,17636889;22178235,CoryneRegNet7
CSING_RS08640,CSING_08840,CSING_RS08640,R,CSING_RS08010,CSING_08205,CSING_RS08010,OP_CSING_RS08005,,R,no,cg2309 -> cg2147,17636889;22178235,CoryneRegNet7
CSING_RS08640,CSING_08840,CSING_RS08640,R,CSING_RS08015,CSING_08210,CSING_RS08015,OP_CSING_RS08005,,R,no,cg2309 -> cg2147,17636889;22178235,CoryneRegNet7
CSING_RS08640,CSING_08840,CSING_RS08640,R,CSING_RS00280,CSING_00285,CSING_RS00280,OP_CSING_RS00280,TTGAACACCGTTCAA,R,no,cg2309 -> cg0095,17636889;22178235,CoryneRegNet7
CSING_RS08975,CSING_09185,CSING_RS08975,R,CSING_RS01345,CSING_01425,CSING_RS01345,OP_CSING_RS01340,,R,no,b0676 -> b0677,,CoryneRegNet7
CSING_RS08975,CSING_09185,CSING_RS08975,R,CSING_RS01340,CSING_01420,CSING_RS01340,OP_CSING_RS01340,TTTTGGGCACGAAT,R,no,b0676 -> b0677,,CoryneRegNet7
CSING_RS09730,CSING_09990,CSING_RS09730,Dual,CSING_RS11100,CSING_11400,CSING_RS11100,OP_CSING_RS11100,TTGACAACGTTTTTCACT,R,no,cg2502 -> cg2911,20055984,CoryneRegNet7
CSING_RS09730,CSING_09990,CSING_RS09730,Dual,CSING_RS11100,CSING_11400,CSING_RS11100,OP_CSING_RS11100,TGACAACGTTTTTCA,R,no,Rv2359 -> Rv2059,25581030,CoryneRegNet7
CSING_RS09730,CSING_09990,CSING_RS09730,Dual,CSING_RS00990,CSING_01025,CSING_RS00990,,TGATAATAATC,A,no,b0683 -> b1732,,CoryneRegNet7
CSING_RS09730,CSING_09990,CSING_RS09730,Dual,CSING_RS11110,CSING_11410,CSING_RS11110,OP_CSING_RS11100,,R,no,Rv2359 -> Rv2059,25581030,CoryneRegNet7
CSING_RS09730,CSING_09990,CSING_RS09730,Dual,CSING_RS11115,CSING_11415,CSING_RS11115,OP_CSING_RS11100,,R,no,Rv2359 -> Rv2059,25581030,CoryneRegNet7
CSING_RS09730,CSING_09990,CSING_RS09730,Dual,CSING_RS11235,CSING_11540,CSING_RS11235,,CCATCCTTTTTCATT,R,no,cg2502 -> cg1447,23061624,CoryneRegNet7
CSING_RS09730,CSING_09990,CSING_RS09730,Dual,CSING_RS11105,CSING_11405,CSING_RS11105,OP_CSING_RS11100,,R,no,cg2502 -> cg2911,20055984,CoryneRegNet7
CSING_RS09730,CSING_09990,CSING_RS09730,Dual,CSING_RS11110,CSING_11410,CSING_RS11110,OP_CSING_RS11100,,R,no,cg2502 -> cg2911,20055984,CoryneRegNet7
CSING_RS09730,CSING_09990,CSING_RS09730,Dual,CSING_RS11115,CSING_11415,CSING_RS11115,OP_CSING_RS11100,,R,no,cg2502 -> cg2911,20055984,CoryneRegNet7
CSING_RS09730,CSING_09990,CSING_RS09730,Dual,CSING_RS11105,CSING_11405,CSING_RS11105,OP_CSING_RS11100,,R,no,Rv2359 -> Rv2059,25581030,CoryneRegNet7
CSING_RS09775,CSING_10035,CSING_RS09775,Dual,CSING_RS02550,CSING_02665,CSING_RS02550,OP_CSING_RS02550,TTAGCAGTCGCGCGGGTAGAGTGCTA,Repressor,no,BSU_25490 -> BSU_06020,"8830234, 8012595",CoryneRegNet7
CSING_RS09775,CSING_10035,CSING_RS09775,Dual,CSING_RS11430,CSING_11735,CSING_RS11430,,TAGCACTTCCACGTGGCAAGTGCCA,R,no,cg2516 -> cg3011,15231814;19202085;19270092,CoryneRegNet7
CSING_RS09775,CSING_10035,CSING_RS09775,Dual,CSING_RS02555,CSING_02670,CSING_RS02555,OP_CSING_RS02550,,R,no,cg2516 -> cg0690,15231814;19202085;19270092,CoryneRegNet7
CSING_RS09775,CSING_10035,CSING_RS09775,Dual,CSING_RS02550,CSING_02665,CSING_RS02550,OP_CSING_RS02550,TAGCAGTCGCGCGGGTAGAGTGCTA,R,no,cg2516 -> cg0690,15231814;19202085;19270092,CoryneRegNet7
CSING_RS09775,CSING_10035,CSING_RS09775,Dual,CSING_RS02555,CSING_02670,CSING_RS02555,OP_CSING_RS02550,,Repressor,no,BSU_25490 -> BSU_06020,"8830234, 8012595",CoryneRegNet7
CSING_RS09885,CSING_10155,CSING_RS09885,A,CSING_RS02890,CSING_03015,CSING_RS02890,OP_CSING_RS02885,,A,no,Rv3133c -> Rv1130,25581030,CoryneRegNet7
CSING_RS09885,CSING_10155,CSING_RS09885,A,CSING_RS12355,CSING_12655,CSING_RS12355,,GGTGCTCGTCCTCAAAG,A,no,Rv3133c -> Rv2005c,25581030,CoryneRegNet7
CSING_RS09885,CSING_10155,CSING_RS09885,A,CSING_RS02885,CSING_03010,CSING_RS02885,OP_CSING_RS02885,GAAAAGCTGGCGCA,A,no,Rv3133c -> Rv1130,25581030,CoryneRegNet7
CSING_RS10615,CSING_10905,CSING_RS10615,A,CSING_RS11975,CSING_12280,CSING_RS11975,,TGGTAGCACCTG,A,no,cg2783 -> cg3169,23873914,CoryneRegNet7
CSING_RS10755,CSING_11055,CSING_RS10755,Dual,CSING_RS10750,CSING_11050,CSING_RS10750,OP_CSING_RS10755,,R,no,cg2831 -> cg2831,17183211,CoryneRegNet7
CSING_RS10755,CSING_11055,CSING_RS10755,Dual,CSING_RS11560,CSING_11865,CSING_RS11560,OP_CSING_RS11565,,A,no,cg2831 -> cg3048,16547043,CoryneRegNet7
CSING_RS10755,CSING_11055,CSING_RS10755,Dual,CSING_RS11565,CSING_11870,CSING_RS11565,OP_CSING_RS11565,GGGATAATGGCGC,A,no,cg2831 -> cg3048,16547043,CoryneRegNet7
CSING_RS10755,CSING_11055,CSING_RS10755,Dual,CSING_RS11570,CSING_11875,CSING_RS11570,,GGGATAATGGCGC,R,no,cg2831 -> cg1537,20620178,CoryneRegNet7
CSING_RS10755,CSING_11055,CSING_RS10755,Dual,CSING_RS06455,CSING_06645,CSING_RS06455,,CTTAGTCAGGGG,A,no,cg2831 -> cg1791,19047347;20620178,CoryneRegNet7
CSING_RS10755,CSING_11055,CSING_RS10755,Dual,CSING_RS00345,CSING_00350,CSING_RS00345,,GCGTAATCGTGG,R,no,cg2831 -> cg2612,,CoryneRegNet7
CSING_RS10755,CSING_11055,CSING_RS10755,Dual,CSING_RS12245,CSING_12545,CSING_RS12245,OP_CSING_RS12250,,R,no,cg2831 -> cg3219,20620178,CoryneRegNet7
CSING_RS10755,CSING_11055,CSING_RS10755,Dual,CSING_RS12240,CSING_12540,CSING_RS12240,OP_CSING_RS12250,,R,no,cg2831 -> cg3219,20620178,CoryneRegNet7
CSING_RS10755,CSING_11055,CSING_RS10755,Dual,CSING_RS08545,CSING_08745,CSING_RS08545,,GGGGGTAGTTTGG,R,no,cg2831 -> cg2291,20620178,CoryneRegNet7
CSING_RS10755,CSING_11055,CSING_RS10755,Dual,CSING_RS11195,CSING_11500,CSING_RS11195,,GTAGTCCCGGG,R,no,cg2831 -> cg2954,27119954,CoryneRegNet7
CSING_RS10755,CSING_11055,CSING_RS10755,Dual,CSING_RS01420,CSING_01500,CSING_RS01420,,GGGTGTAGTCAGCG,A,no,cg2831 -> cg0444,17114251,CoryneRegNet7
CSING_RS10755,CSING_11055,CSING_RS10755,Dual,CSING_RS01440,CSING_01520,CSING_RS01440,OP_CSING_RS01425,,A,no,cg2831 -> cg0445,16547043;19583988;20620178,CoryneRegNet7
CSING_RS10755,CSING_11055,CSING_RS10755,Dual,CSING_RS01435,CSING_01515,CSING_RS01435,OP_CSING_RS01425,,A,no,cg2831 -> cg0445,16547043;19583988;20620178,CoryneRegNet7
CSING_RS10755,CSING_11055,CSING_RS10755,Dual,CSING_RS01430,CSING_01510,sdhA,OP_CSING_RS01425,,A,no,cg2831 -> sdhCD,16547043;19583988;20620178,CoryneRegNet7
CSING_RS10755,CSING_11055,CSING_RS10755,Dual,CSING_RS10755,CSING_11055,CSING_RS10755,OP_CSING_RS10755,GGGGGTAACCAG,R,no,cg2831 -> cg2831,17183211,CoryneRegNet7
CSING_RS10755,CSING_11055,CSING_RS10755,Dual,CSING_RS01425,CSING_01505,CSING_RS01425,OP_CSING_RS01425,GGGTGTAGTCAGCG,A,no,cg2831 -> cg0445,16547043;19583988;20620178,CoryneRegNet7
CSING_RS10755,CSING_11055,CSING_RS10755,Dual,CSING_RS09070,CSING_09280,CSING_RS09070,,GGGGTTAATCTCG,A,no,cg2831 -> cg2421,20620178,CoryneRegNet7
CSING_RS10755,CSING_11055,CSING_RS10755,Dual,CSING_RS04995,CSING_05170,CSING_RS04995,,GCTTGACCCGGG,A,no,cg2831 -> cg1157,20620178,CoryneRegNet7
CSING_RS10755,CSING_11055,CSING_RS10755,Dual,CSING_RS12250,CSING_12550,CSING_RS12250,OP_CSING_RS12250,GAGTAACGGCG,R,no,cg2831 -> cg3219,20620178,CoryneRegNet7
CSING_RS10795,CSING_11100,CSING_RS10795,R,CSING_RS12420,CSING_12720,CSING_RS12420,OP_CSING_RS12415,,R,no,cg0463 -> cg3411,25592736,CoryneRegNet7
CSING_RS10795,CSING_11100,CSING_RS10795,R,CSING_RS12430,CSING_12730,CSING_RS12430,OP_CSING_RS12415,,R,no,cg0463 -> cg3411,25592736,CoryneRegNet7
CSING_RS10795,CSING_11100,CSING_RS10795,R,CSING_RS10795,CSING_11100,CSING_RS10795,,CCCGTTGGGGGTA,R,no,cg0463 -> cg0463,21799779;23090582;25592736,CoryneRegNet7
CSING_RS10795,CSING_11100,CSING_RS10795,R,CSING_RS00225,CSING_00225,CSING_RS00225,,ATACCCCAGGGGGGTAT,R,no,cg0463 -> cg3282,23090582;25592736,CoryneRegNet7
CSING_RS10795,CSING_11100,CSING_RS10795,R,CSING_RS12425,CSING_12725,CSING_RS12425,OP_CSING_RS12415,,R,no,cg0463 -> cg3411,25592736,CoryneRegNet7
CSING_RS10795,CSING_11100,CSING_RS10795,R,CSING_RS12415,CSING_12715,CSING_RS12415,OP_CSING_RS12415,ATACCCTAGGGGGGTAT,R,no,cg0463 -> cg3411,25592736,CoryneRegNet7
CSING_RS11040,CSING_11340,CSING_RS11040,Activator,CSING_RS11040,CSING_11340,CSING_RS11040,,GACCATCCAGTTTGCGGAGG,Activator,no,BSU_36600 -> BSU_36600,10200972,CoryneRegNet7
CSING_RS11060,CSING_11360,CSING_RS11060,R,CSING_RS11060,CSING_11360,CSING_RS11060,OP_CSING_RS11055,,R,no,cg2894 -> cg2893,16166084;20691702,CoryneRegNet7
CSING_RS11060,CSING_11360,CSING_RS11060,R,CSING_RS11055,CSING_11355,CSING_RS11055,OP_CSING_RS11055,AAACTATAACGACCGTTCGCTATAGTT,R,no,cg2894 -> cg2893,16166084;20691702,CoryneRegNet7
CSING_RS11695,CSING_12000,CSING_RS11695,R,CSING_RS11650,CSING_11955,CSING_RS11650,OP_CSING_RS11655,,R,no,cg3097 -> cg3079,15231814;10027969;19202085;19270092,CoryneRegNet7
CSING_RS11695,CSING_12000,CSING_RS11695,R,CSING_RS11705,CSING_12010,CSING_RS11705,OP_CSING_RS11710,,R,no,cg3097 -> cg3100,15231814;19202085;19270092,CoryneRegNet7
CSING_RS11695,CSING_12000,CSING_RS11695,R,CSING_RS11655,CSING_11960,CSING_RS11655,OP_CSING_RS11655,CTTGAGTGGAACAGACTCAA,R,no,cg3097 -> cg3079,15231814;10027969;19202085;19270092,CoryneRegNet7
CSING_RS11695,CSING_12000,CSING_RS11695,R,CSING_RS11710,CSING_12015,CSING_RS11710,OP_CSING_RS11710,TTGAGTCGCGAACAATCAA,R,no,cg3097 -> cg3100,15231814;19202085;19270092,CoryneRegNet7
CSING_RS12150,CSING_12450,CSING_RS12150,R,CSING_RS12070,CSING_12370,CSING_RS12070,,GACAATTGATTACTTGA,R,no,cg1831 -> cg1833,,CoryneRegNet7
CSING_RS12200,CSING_12500,CSING_RS12200,R,CSING_RS12200,CSING_12500,CSING_RS12200,,ATAACCAGT,R,no,cg3202 -> cg3202,17483938,CoryneRegNet7
CSING_RS12285,CSING_12585,CSING_RS12285,R,CSING_RS12285,CSING_12585,CSING_RS12285,,TGTCAAAAGCAAGTA,R,no,b1275 -> b1275,,CoryneRegNet7
CSING_RS12345,CSING_12645,CSING_RS12345,R,CSING_RS05560,CSING_05740,CSING_RS05560,OP_CSING_RS05555,,R,no,cg3253 -> cg1337,15853877,CoryneRegNet7
CSING_RS12345,CSING_12645,CSING_RS12345,R,CSING_RS10265,CSING_10555,CSING_RS10265,OP_CSING_RS10290,,R,no,cg3253 -> cg2678,15853877,CoryneRegNet7
CSING_RS12345,CSING_12645,CSING_RS12345,R,CSING_RS10300,CSING_10590,CSING_RS10300,,TAGACCAAGCTGT,R,no,cg3253 -> cg2687,15853877;18800184,CoryneRegNet7
CSING_RS12345,CSING_12645,CSING_RS12345,R,CSING_RS00340,CSING_00345,CSING_RS00340,OP_CSING_RS00340,AGACCGCATTGTCTA,R,no,cg3253 -> cg0156,15853877,CoryneRegNet7
CSING_RS12345,CSING_12645,CSING_RS12345,R,CSING_RS12345,CSING_12645,CSING_RS12345,,ATACCGGTTTGTCTA,R,no,cg3253 -> cg3253,15853877,CoryneRegNet7
CSING_RS12345,CSING_12645,CSING_RS12345,R,CSING_RS03570,CSING_03720,CSING_RS03570,OP_CSING_RS03555,,R,no,cg3253 -> cg3118,15853877;16159395,CoryneRegNet7
CSING_RS12345,CSING_12645,CSING_RS12345,R,CSING_RS03565,CSING_03715,CSING_RS03565,OP_CSING_RS03555,,R,no,cg3253 -> cg3118,15853877;16159395,CoryneRegNet7
CSING_RS12345,CSING_12645,CSING_RS12345,R,CSING_RS10280,CSING_10570,CSING_RS10280,OP_CSING_RS10290,,R,no,cg3253 -> cg2678,15853877,CoryneRegNet7
CSING_RS12345,CSING_12645,CSING_RS12345,R,CSING_RS03560,CSING_03710,CSING_RS03560,OP_CSING_RS03555,,R,no,cg3253 -> cg3118,15853877;16159395,CoryneRegNet7
CSING_RS12345,CSING_12645,CSING_RS12345,R,CSING_RS03555,CSING_03705,CSING_RS03555,OP_CSING_RS03555,AGACAAAGCAGTCT,R,no,cg3253 -> cg3118,15853877;16159395,CoryneRegNet7
CSING_RS12345,CSING_12645,CSING_RS12345,R,CSING_RS10275,CSING_10565,CSING_RS10275,OP_CSING_RS10290,,R,no,cg3253 -> cg2678,15853877,CoryneRegNet7
CSING_RS12345,CSING_12645,CSING_RS12345,R,CSING_RS02670,CSING_02785,CSING_RS02670,,TAGACAAAGCGGTT,R,no,cg3253 -> cg0737,15853877,CoryneRegNet7
CSING_RS12345,CSING_12645,CSING_RS12345,R,CSING_RS10760,CSING_11060,CSING_RS10760,,TAGACAAAGTGGTATA,R,no,cg3253 -> cg2833,15853877;16159395,CoryneRegNet7
CSING_RS12345,CSING_12645,CSING_RS12345,R,CSING_RS03550,CSING_03700,CSING_RS03550,,AGACAAAGCAGTCT,R,no,cg3253 -> cg3119,15853877;16159395,CoryneRegNet7
CSING_RS12345,CSING_12645,CSING_RS12345,R,CSING_RS00335,CSING_00340,CSING_RS00335,OP_CSING_RS00340,,R,no,cg3253 -> cg0156,15853877,CoryneRegNet7
CSING_RS12345,CSING_12645,CSING_RS12345,R,CSING_RS10285,CSING_10575,CSING_RS10285,OP_CSING_RS10290,,R,no,cg3253 -> cg2678,15853877,CoryneRegNet7
CSING_RS12345,CSING_12645,CSING_RS12345,R,CSING_RS10290,CSING_10580,CSING_RS10290,OP_CSING_RS10290,TAGACAGCACAGTCTA,R,no,cg3253 -> cg2678,15853877,CoryneRegNet7
CSING_RS12345,CSING_12645,CSING_RS12345,R,CSING_RS02740,CSING_02855,CSING_RS02740,OP_CSING_RS02745,,R,no,cg3253 -> cg0755,15853877;18800184,CoryneRegNet7
CSING_RS12345,CSING_12645,CSING_RS12345,R,CSING_RS06380,CSING_06570,CSING_RS06380,OP_CSING_RS06380,TAGACCAAGCAGTCTA,R,no,cg3253 -> cg1806,15853877;18800184,CoryneRegNet7
CSING_RS12345,CSING_12645,CSING_RS12345,R,CSING_RS10270,CSING_10560,CSING_RS10270,OP_CSING_RS10290,,R,no,cg3253 -> cg2678,15853877,CoryneRegNet7
CSING_RS12345,CSING_12645,CSING_RS12345,R,CSING_RS05555,CSING_05735,CSING_RS05555,OP_CSING_RS05555,AGAACGAGCTGTCTA,R,no,cg3253 -> cg1337,15853877,CoryneRegNet7
CSING_RS12345,CSING_12645,CSING_RS12345,R,CSING_RS02745,CSING_02860,CSING_RS02745,OP_CSING_RS02745,TAGACCAAGCGGT,R,no,cg3253 -> cg0755,15853877;18800184,CoryneRegNet7
CSING_RS12345,CSING_12645,CSING_RS12345,R,CSING_RS06385,CSING_06575,CSING_RS06385,OP_CSING_RS06380,,R,no,cg3253 -> cg1806,15853877;18800184,CoryneRegNet7
